Name,Price,Link,Img_url
"메디하임 슬림형 128L 2도어 냉장고 방문설치, MHR-138GR","412,200원",https://www.coupang.com/vp/products/8856804904?itemId=25823164212&vendorItemId=92810046861&sourceType=srp_product_ads&clickEventId=de253800-b652-11f0-bd92-8ca5836b4fb9&korePlacement=15&koreSubPlacement=1&clickEventId=de253800-b652-11f0-bd92-8ca5836b4fb9&korePlacement=15&koreSubPlacement=1,
"LG전자 2도어 일반냉장고 189L 방문설치, 화이트, B182W13","480,000원",https://www.coupang.com/vp/products/8338421081?itemId=24078900518&vendorItemId=83384767739&pickType=COU_PICK&q=냉장고&searchId=20b9f2f31071882&sourceType=search&itemsCount=72&searchRank=1&rank=1,
"[색상선택형] 삼성전자 비스포크 852L 2도어 양문형 냉장고 방문설치, RS84DB5002CW","1,690,000원",https://www.coupang.com/vp/products/8261339936?itemId=23799489308&vendorItemId=90823426912&q=냉장고&searchId=20b9f2f31071882&sourceType=search&itemsCount=72&searchRank=2&rank=2,
"캐리어 클라윈드 슬림 일반형냉장고 211L 방문설치, 블랙메탈, KRDT211BEM1","211,240원",https://www.coupang.com/vp/products/7908202541?itemId=21693249298&vendorItemId=88742945094&q=냉장고&searchId=20b9f2f31071882&sourceType=search&itemsCount=72&searchRank=3&rank=3,
"[색상선택형] 삼성전자 비스포크 852L 2도어 양문형 냉장고 방문설치, RS84DB5002CW","1,690,000원",https://www.coupang.com/vp/products/8261339936?itemId=23799489308&vendorItemId=90823426912&sourceType=srp_product_ads&clickEventId=de253800-b652-11f0-8543-5ddaf9bb43c8&korePlacement=15&koreSubPlacement=5&clickEventId=de253800-b652-11f0-8543-5ddaf9bb43c8&korePlacement=15&koreSubPlacement=5,
"삼성전자 Bespoke AI 905L 4도어 냉장고 방문설치, RM70F90R2W","2,740,000원",https://www.coupang.com/vp/products/8950366279?itemId=25198753759&vendorItemId=92195376703&sourceType=srp_product_ads&clickEventId=de253800-b652-11f0-8d67-449716a0fd5a&korePlacement=15&koreSubPlacement=6&clickEventId=de253800-b652-11f0-8d67-449716a0fd5a&korePlacement=15&koreSubPlacement=6,
"삼성전자 852L 2도어 양문형 냉장고 방문설치, RS84DG5002M9","1,070,000원",https://www.coupang.com/vp/products/8261339936?itemId=23799489307&vendorItemId=90823426909&q=냉장고&searchId=20b9f2f31071882&sourceType=search&itemsCount=72&searchRank=6&rank=6,
"LG전자 디오스 AI 오브제컬렉션 냉장고 832L 방문설치, S836MEQ032","1,850,000원",https://www.coupang.com/vp/products/9034631075?itemId=26128329775&vendorItemId=93108639698&q=냉장고&searchId=20b9f2f31071882&sourceType=search&itemsCount=72&searchRank=7&rank=7,
"쿠잉전자 337L 4도어 냉장고 방문설치, MD340M","799,000원",https://www.coupang.com/vp/products/7493348995?itemId=19598409443&vendorItemId=86705613005&sourceType=srp_product_ads&clickEventId=de253800-b652-11f0-a0e7-3ca861b266dd&korePlacement=15&koreSubPlacement=9&clickEventId=de253800-b652-11f0-a0e7-3ca861b266dd&korePlacement=15&koreSubPlacement=9,
"삼성전자 일반 255L 2도어 냉장고, RT25DARAHS9","729,000원",https://www.coupang.com/vp/products/8336407616?itemId=24071636719&vendorItemId=91091341360&q=냉장고&searchId=20b9f2f31071882&sourceType=search&itemsCount=72&searchRank=9&rank=9,
"삼성전자 82L 2도어 냉장고 방문설치, RT09DG004WW","379,000원",https://www.coupang.com/vp/products/8554263832?itemId=24770342766&vendorItemId=92140841716&sourceType=srp_product_ads&clickEventId=de255f10-b652-11f0-936d-5850817d2cdc&korePlacement=15&koreSubPlacement=11&clickEventId=de255f10-b652-11f0-936d-5850817d2cdc&korePlacement=15&koreSubPlacement=11,
"마이디어 냉장고 87L, MDRT134FGO50","274,900원",https://www.coupang.com/vp/products/28896030?itemId=57977198&vendorItemId=91357569370&sourceType=srp_product_ads&clickEventId=de255f10-b652-11f0-a546-763dccf53ebf&korePlacement=15&koreSubPlacement=12&clickEventId=de255f10-b652-11f0-a546-763dccf53ebf&korePlacement=15&koreSubPlacement=12,
"LG전자 디오스 AI 오브제컬렉션 832L 양문형 냉장고 방문설치, S836MMM032","1,850,000원",https://www.coupang.com/vp/products/9034631075?itemId=26215170433&vendorItemId=93194188043&q=냉장고&searchId=20b9f2f31071882&sourceType=search&itemsCount=72&searchRank=12&rank=12,
"LG전자 디오스 AI 오브제컬렉션 832L 양문형 냉장고 방문설치, S836MRQ032","1,850,000원",https://www.coupang.com/vp/products/9034631075?itemId=26503433862&vendorItemId=93116706778&q=냉장고&searchId=20b9f2f31071882&sourceType=search&itemsCount=72&searchRank=13&rank=13,
"삼성전자 일반 525L 2도어 냉장고 방문설치, RT53DG7A1CWW","1,149,000원",https://www.coupang.com/vp/products/8412639187?itemId=24325462084&vendorItemId=91341158791&q=냉장고&searchId=20b9f2f31071882&sourceType=search&itemsCount=72&searchRank=14&rank=14,
"좁은냉장고 폭좁은냉장고 소주 음료 업소용 슬림냉장고 틈새, SC105B 화이트","817,800원",https://www.coupang.com/vp/products/9144219947?itemId=26918924662&vendorItemId=93926081845&q=냉장고&searchId=20b9f2f31071882&sourceType=search&itemsCount=72&searchRank=15&rank=15,
"삼성전자 Bespoke AI 905L 4도어 냉장고 방문설치, RM70F90R2ZD","2,240,000원",https://www.coupang.com/vp/products/8734947909?itemId=25384283391&vendorItemId=92378167476&q=냉장고&searchId=20b9f2f31071882&sourceType=search&itemsCount=72&searchRank=16&rank=16,
"[색상선택형] LG전자 오브제 컬렉션 메탈 461L 일반형냉장고, 네이처 베이지, D463MEE33","800,000원",https://www.coupang.com/vp/products/7899160381?itemId=21644219820&vendorItemId=88695038762&q=냉장고&searchId=20b9f2f31071882&sourceType=search&itemsCount=72&searchRank=17&rank=17,
"메디하임 슬림형 128L 2도어 냉장고 방문설치, MHR-138GR","412,200원",https://www.coupang.com/vp/products/8856804904?itemId=25823164212&vendorItemId=92810046861&q=냉장고&searchId=20b9f2f31071882&sourceType=search&itemsCount=72&searchRank=18&rank=18,
"[10% 환급가전] 삼성전자 일반 306L 2도어 냉장고 방문설치, RB30D4051S9","940,000원",https://www.coupang.com/vp/products/8310955737?itemId=23981484529&vendorItemId=91002647588&q=냉장고&searchId=20b9f2f31071882&sourceType=search&itemsCount=72&searchRank=19&rank=19,
"쿠잉전자 메탈 슬림 콤비 156L 2도어 냉장고 방문설치, REF-C160S","379,000원",https://www.coupang.com/vp/products/2374357648?itemId=4135624503&vendorItemId=76198197314&sourceType=srp_product_ads&clickEventId=de255f10-b652-11f0-8b8a-403296bb7978&korePlacement=15&koreSubPlacement=21&clickEventId=de255f10-b652-11f0-8b8a-403296bb7978&korePlacement=15&koreSubPlacement=21,
"마이디어 양문형 2도어 냉장고 592L 방문설치, MDRS791MYF46","1,330,900원",https://www.coupang.com/vp/products/8502226110?itemId=24612735828&vendorItemId=91624009276&sourceType=srp_product_ads&clickEventId=de255f10-b652-11f0-a6ff-525dd9bbfbe3&korePlacement=15&koreSubPlacement=22&clickEventId=de255f10-b652-11f0-a6ff-525dd9bbfbe3&korePlacement=15&koreSubPlacement=22,
"좁은냉장고 폭좁은냉장고 소주 음료 업소용 슬림냉장고 틈새, SC105B 블랙","817,800원",https://www.coupang.com/vp/products/9144219947?itemId=26918924659&vendorItemId=93926081846&q=냉장고&searchId=20b9f2f31071882&sourceType=search&itemsCount=72&searchRank=22&rank=22,
"캐리어 모드비 피트인 427L 4도어 양문형 냉장고 방문설치, MRNF427SPH1","799,000원",https://www.coupang.com/vp/products/8578874805?itemId=24106547989&vendorItemId=88834783499&q=냉장고&searchId=20b9f2f31071882&sourceType=search&itemsCount=72&searchRank=23&rank=23,
"[색상선택형] LG전자 오브제컬렉션 870L 베이직 상냉장 하냉동 프리스탠딩 4도어 메탈 디오스 냉장고 방문설치, T875MEE012","2,450,000원",https://www.coupang.com/vp/products/8476917170?itemId=24025089763&vendorItemId=91045561997&q=냉장고&searchId=20b9f2f31071882&sourceType=search&itemsCount=72&searchRank=24&rank=24,
"LG전자 507L 2도어 냉장고, 화이트, B502W33","800,000원",https://www.coupang.com/vp/products/9098806575?itemId=26746569143&vendorItemId=83384767715&q=냉장고&searchId=20b9f2f31071882&sourceType=search&itemsCount=72&searchRank=25&rank=25,
"LG전자 모던엣지 상냉장 하냉동 344L 2도어 일반 냉장고 방문설치, M344MB14","950,000원",https://www.coupang.com/vp/products/8474103728?itemId=24520913727&vendorItemId=91533645272&q=냉장고&searchId=20b9f2f31071882&sourceType=search&itemsCount=72&searchRank=26&rank=26,
"사무실 미니 냉장고 자취방 기숙사 음료 작은 소형 원룸 간식 보관 김치 모텔 김치냉장, 골드 118리터","889,800원",https://www.coupang.com/vp/products/9150941892?itemId=26945945324&vendorItemId=93923298525&q=냉장고&searchId=20b9f2f31071882&sourceType=search&itemsCount=72&searchRank=27&rank=27,
"삼성전자 615L 2도어 냉장고 방문설치, RT62A7049S9","1,279,000원",https://www.coupang.com/vp/products/6856180368?itemId=16351204947&vendorItemId=83542939613&q=냉장고&searchId=20b9f2f31071882&sourceType=search&itemsCount=72&searchRank=28&rank=28,
"삼성전자 410L 2도어 일반형 냉장고 방문설치, RT42CG6024S9","879,000원",https://www.coupang.com/vp/products/7672207083?itemId=23743014961&vendorItemId=90767600957&q=냉장고&searchId=20b9f2f31071882&sourceType=search&itemsCount=72&searchRank=29&rank=29,
"LG전자 디오스 AI 오브제컬렉션 832L 양문형 냉장고 방문설치, S836MTE032","1,850,000원",https://www.coupang.com/vp/products/9034631075?itemId=26198982442&vendorItemId=93479061370&q=냉장고&searchId=20b9f2f31071882&sourceType=search&itemsCount=72&searchRank=30&rank=30,
"LG전자 335L 2도어 냉장고 방문설치, B332S34","700,000원",https://www.coupang.com/vp/products/7052157226?itemId=15279061970&vendorItemId=82499560109&q=냉장고&searchId=20b9f2f31071882&sourceType=search&itemsCount=72&searchRank=31&rank=31,
"[품질보증리퍼] LG 메탈 400리터대 스탠드 김치냉장고 (400L~) / 수도권만 설치가능, 최상급(가정용)","1,800,000원",https://www.coupang.com/vp/products/9151406649?itemId=26947010426&vendorItemId=93916128465&q=냉장고&searchId=20b9f2f31071882&sourceType=search&itemsCount=72&searchRank=32&rank=32,
"마이디어 냉장고 173L, MDRT237FGO30","433,900원",https://www.coupang.com/vp/products/7645899773?itemId=20329843149&vendorItemId=91357569537&q=냉장고&searchId=20b9f2f31071882&sourceType=search&itemsCount=72&searchRank=33&rank=33,
"LG전자 디오스 AI 오브제컬렉션 661L 양문형 냉장고 방문설치, S656P003","1,600,000원",https://www.coupang.com/vp/products/8959275094?itemId=26215170431&vendorItemId=93194188040&q=냉장고&searchId=20b9f2f31071882&sourceType=search&itemsCount=72&searchRank=34&rank=34,
"[10% 환급가전] [색상선택형] LG전자 오브제 870L 매직스페이스 메탈 4도어 디오스 냉장고 방문설치, T873MTE111","2,750,000원",https://www.coupang.com/vp/products/8279433829?itemId=22732957347&vendorItemId=82429628700&q=냉장고&searchId=20b9f2f31071882&sourceType=search&itemsCount=72&searchRank=35&rank=35,
"캐리어 클라윈드 일반형냉장고 방문설치, CRF-TD182MDE","310,000원",https://www.coupang.com/vp/products/1770724041?itemId=1043983113&vendorItemId=91717204309&sourceType=srp_product_ads&clickEventId=de255f10-b652-11f0-ae92-f94380d705af&korePlacement=15&koreSubPlacement=37&clickEventId=de255f10-b652-11f0-ae92-f94380d705af&korePlacement=15&koreSubPlacement=37,
"하이얼 155L 2도어 냉장고 방문설치, HRT166MDB","309,000원",https://www.coupang.com/vp/products/6357396064?itemId=13404509691&vendorItemId=73671027637&q=냉장고&searchId=20b9f2f31071882&sourceType=search&itemsCount=72&searchRank=37&rank=37,
"LG전자 디오스 AI 오브제컬렉션 매직스페이스 652L 2도어 냉장고 방문설치, S656MQQ143","2,150,000원",https://www.coupang.com/vp/products/8997820004?itemId=26364504347&vendorItemId=93341262870&q=냉장고&searchId=20b9f2f31071882&sourceType=search&itemsCount=72&searchRank=38&rank=38,
"[색상선택형] LG전자 오브제 344L 빌트인 메탈 모던엣지 2도어 냉장고 방문설치, Q343MTEF33","1,100,000원",https://www.coupang.com/vp/products/8481438482?itemId=20103479633&vendorItemId=87198534982&q=냉장고&searchId=20b9f2f31071882&sourceType=search&itemsCount=72&searchRank=39&rank=39,
"하이얼 252L 2도어 냉장고 방문설치, HRT257MDB","389,000원",https://www.coupang.com/vp/products/7372991913?itemId=19023573082&vendorItemId=73452181974&q=냉장고&searchId=20b9f2f31071882&sourceType=search&itemsCount=72&searchRank=40&rank=40,
"삼성전자 Bespoke 905L AI 4도어 냉장고 방문설치, RM70F90R2GD","2,240,000원",https://www.coupang.com/vp/products/8734947909?itemId=25287439673&vendorItemId=92194350868&q=냉장고&searchId=20b9f2f31071882&sourceType=search&itemsCount=72&searchRank=41&rank=41,
"하이얼 2도어 252L 일반형 냉장고 방문설치, HRT257MDW","299,000원",https://www.coupang.com/vp/products/7372991913?itemId=3041902635&vendorItemId=71029956340&q=냉장고&searchId=20b9f2f31071882&sourceType=search&itemsCount=72&searchRank=42&rank=42,
"[10% 환급가전] [색상선택형] LG전자 오브제컬렉션 609L 4도어 냉장고 메탈 디오스 AI 상냉장 하냉동 방문설치, M616MQR0M1","3,250,000원",https://www.coupang.com/vp/products/9025815278?itemId=26470357640&vendorItemId=92984527575&q=냉장고&searchId=20b9f2f31071882&sourceType=search&itemsCount=72&searchRank=43&rank=43,
"LG전자 오브제컬렉션 215L 일반냉장고 방문설치, D215MEE13","550,000원",https://www.coupang.com/vp/products/8955667809?itemId=26200380591&vendorItemId=93341412699&q=냉장고&searchId=20b9f2f31071882&sourceType=search&itemsCount=72&searchRank=44&rank=44,
"하이얼 글라스 244L 2도어 냉장고 방문설치, HRP255MDVW","499,000원",https://www.coupang.com/vp/products/5072786792?itemId=11169471914&vendorItemId=78447518463&q=냉장고&searchId=20b9f2f31071882&sourceType=search&itemsCount=72&searchRank=45&rank=45,
"더함 205L 2도어 냉장고 방문설치, R205D1-MS1BM","439,000원",https://www.coupang.com/vp/products/8756739940?itemId=17349956846&vendorItemId=84520314457&q=냉장고&searchId=20b9f2f31071882&sourceType=search&itemsCount=72&searchRank=46&rank=46,
"캐리어 클라윈드 슬림냉장고 198L 방문설치, KRDT198BEM1","359,000원",https://www.coupang.com/vp/products/9033793446?itemId=25690835576&vendorItemId=92680026040&q=냉장고&searchId=20b9f2f31071882&sourceType=search&itemsCount=72&searchRank=47&rank=47,
LG 오브제컬렉션 S836MEE022 설치 배송비 포함,"1,169,000원",https://www.coupang.com/vp/products/9132201428?itemId=26872599491&vendorItemId=93842180705&q=냉장고&searchId=20b9f2f31071882&sourceType=search&itemsCount=72&searchRank=48&rank=48,
"캐리어 클라윈드 피트인 콤비 냉장고 302L 방문설치, krnc302SEI1","439,000원",https://www.coupang.com/vp/products/7388164980?itemId=23758008135&vendorItemId=90782450821&q=냉장고&searchId=20b9f2f31071882&sourceType=search&itemsCount=72&searchRank=49&rank=49,
"캐리어 클라윈드 콤비 205L 2도어냉장고 방문설치, CRFCD205BDC","342,460원",https://www.coupang.com/vp/products/7999760913?itemId=22274418305&vendorItemId=87123795054&q=냉장고&searchId=20b9f2f31071882&sourceType=search&itemsCount=72&searchRank=50&rank=50,
"캐리어 모드비 피트인 535L 양문형 냉장고 방문설치, MRNS535BPI1","899,000원",https://www.coupang.com/vp/products/6676333214?itemId=23532512824&vendorItemId=90558794122&q=냉장고&searchId=20b9f2f31071882&sourceType=search&itemsCount=72&searchRank=51&rank=51,
"[품질보증리퍼] 삼성 양문형 2도어 푸드쇼케이스 냉장고 830L 이상 / 수도권만 설치가능, 상급(가정용)","1,990,000원",https://www.coupang.com/vp/products/9031865755?itemId=26493297889&vendorItemId=93896409208&q=냉장고&searchId=20b9f2f31071882&sourceType=search&itemsCount=72&searchRank=52&rank=52,
"LG전자 121L 2도어 일반냉장고 방문설치, B124S14","380,000원",https://www.coupang.com/vp/products/8410704563?itemId=24318430913&vendorItemId=91334208629&q=냉장고&searchId=20b9f2f31071882&sourceType=search&itemsCount=72&searchRank=53&rank=53,
"[당일발송] 캐리어 클라윈드 122L소형냉장고 KRFT-122ABPWO 원룸 모텔 사무실 오피스텔 기숙사 자취 미니, KRFT - 122ABPWO (정품인증)","350,000원",https://www.coupang.com/vp/products/8653492769?itemId=25121987311&vendorItemId=92120626973&q=냉장고&searchId=20b9f2f31071882&sourceType=search&itemsCount=72&searchRank=54&rank=54,
"TCL 일반형 113L 2도어 냉장고 방문설치, F118TMW","220,000원",https://www.coupang.com/vp/products/8215151382?itemId=18606212838&vendorItemId=85742113025&q=냉장고&searchId=20b9f2f31071882&sourceType=search&itemsCount=72&searchRank=55&rank=55,
"TCL 양문형 냉장고 483L 방문설치, P520SBC","619,000원",https://www.coupang.com/vp/products/8732909123?itemId=25376052002&vendorItemId=92370124150&q=냉장고&searchId=20b9f2f31071882&sourceType=search&itemsCount=72&searchRank=56&rank=56,
"[색상선택형] LG전자 오브제컬렉션 344L 모던엣지 빌트인 2도어 냉장고 방문설치, Q342GBB133","1,500,000원",https://www.coupang.com/vp/products/9122422872?itemId=26834205760&vendorItemId=93804224035&q=냉장고&searchId=20b9f2f31071882&sourceType=search&itemsCount=72&searchRank=57&rank=57,
"LG전자 189L 2도어 냉장고 방문설치, B182DS13","577,000원",https://www.coupang.com/vp/products/6281846719?itemId=23951132305&vendorItemId=90972829958&q=냉장고&searchId=20b9f2f31071882&sourceType=search&itemsCount=72&searchRank=58&rank=58,
"캐리어 클라윈드 제로 슬림 138L 2도어 냉장고 방문설치, KRdt138wEM1","359,000원",https://www.coupang.com/vp/products/7592595695?itemId=26702619957&vendorItemId=93737690173&q=냉장고&searchId=20b9f2f31071882&sourceType=search&itemsCount=72&searchRank=59&rank=59,
"LG전자 디오스 일반 612L 2도어 냉장고 방문설치, D604MEE33","1,200,000원",https://www.coupang.com/vp/products/8777859985?itemId=25537825465&vendorItemId=92529447518&q=냉장고&searchId=20b9f2f31071882&sourceType=search&itemsCount=72&searchRank=60&rank=60,
"캐리어 클라윈드 피트인 콤비 250L 2도어 냉장고 방문설치, 화이트, KRNC250WEM1",13원,https://www.coupang.com/vp/products/7592595748?itemId=20066596463&vendorItemId=91606137762&q=냉장고&searchId=20b9f2f31071882&sourceType=search&itemsCount=72&searchRank=61&rank=61,
LG 오브제컬렉션 S834MTE011 설치 배송비 포함,"1,409,000원",https://www.coupang.com/vp/products/9132189528?itemId=26872582451&vendorItemId=93842163903&q=냉장고&searchId=20b9f2f31071882&sourceType=search&itemsCount=72&searchRank=62&rank=62,
"하이얼 베이직 252L 2도어 냉장고 방문설치, HRT257MDM","339,180원",https://www.coupang.com/vp/products/7372991913?itemId=17587012114&vendorItemId=71310080086&q=냉장고&searchId=20b9f2f31071882&sourceType=search&itemsCount=72&searchRank=63&rank=63,
"마이디어 일반형 냉장고 314L 방문설치, MDRT437MTO50","701,000원",https://www.coupang.com/vp/products/7787800329?itemId=21062442644&vendorItemId=88124754401&q=냉장고&searchId=20b9f2f31071882&sourceType=search&itemsCount=72&searchRank=64&rank=64,
"마이디어 냉장고 173L, MDRT237FGO01","433,900원",https://www.coupang.com/vp/products/7645899773?itemId=20329843148&vendorItemId=91357569544&q=냉장고&searchId=20b9f2f31071882&sourceType=search&itemsCount=72&searchRank=65&rank=65,
GOODEL 소형 미니 일반냉장고 WDL99 90L 화이트 2도어,"199,000원",https://www.coupang.com/vp/products/8750671365?itemId=25438584690&vendorItemId=92475602892&q=냉장고&searchId=20b9f2f31071882&sourceType=search&itemsCount=72&searchRank=66&rank=66,
"(LG전자) DIOS(디오스) AI 오브제컬렉션 832L 냉장고 2도어 (프라임 실버/S836P022), S836P022","1,900,000원",https://www.coupang.com/vp/products/8976544257?itemId=26277790581&vendorItemId=93896339907&q=냉장고&searchId=20b9f2f31071882&sourceType=search&itemsCount=72&searchRank=67&rank=67,
"LG전자 2도어 241L 일반냉장고 방문설치, B245DS22","560,000원",https://www.coupang.com/vp/products/9126890405?itemId=26851270819&vendorItemId=93821086447&q=냉장고&searchId=20b9f2f31071882&sourceType=search&itemsCount=72&searchRank=68&rank=68,
"캐리어 클라윈드 슬림형 122L 2도어 냉장고 방문설치, KRFT-122ABPWW","279,000원",https://www.coupang.com/vp/products/8326705849?itemId=25893336742&vendorItemId=92879206654&q=냉장고&searchId=20b9f2f31071882&sourceType=search&itemsCount=72&searchRank=69&rank=69,
"삼성전자 Bespoke AI 905L 4도어 냉장고 방문설치, RM70F90R2DD","2,240,000원",https://www.coupang.com/vp/products/8734947909?itemId=26071454922&vendorItemId=92195376712&q=냉장고&searchId=20b9f2f31071882&sourceType=search&itemsCount=72&searchRank=70&rank=70,
"캐리어 모드비 피트인 618L 4도어 냉장고 방문설치, MRNF618APS1","1,490,000원",https://www.coupang.com/vp/products/7455706662?itemId=19421109892&vendorItemId=86532599033&q=냉장고&searchId=20b9f2f31071882&sourceType=search&itemsCount=72&searchRank=71&rank=71,
"삼성전자 Bespoke 905L AI 4도어 냉장고 방문설치, RM70F90R2ZG","2,640,000원",https://www.coupang.com/vp/products/8680030286?itemId=25197702923&vendorItemId=92194350860&sourceType=srp_product_ads&clickEventId=f1d72e30-b652-11f0-acd9-8704fffce10e&korePlacement=15&koreSubPlacement=73&clickEventId=f1d72e30-b652-11f0-acd9-8704fffce10e&korePlacement=15&koreSubPlacement=73,
"국산 1등급 음료수냉장고 냉장 음료 주류 꽃 약국 업소용 쇼케이스, FT-470X(지역착불비책정후 배송해피콜안내)","899,000원",https://www.coupang.com/vp/products/8845326192?itemId=25782879576&vendorItemId=90130785139&q=냉장고&searchId=764e0d861074873&sourceType=search&itemsCount=72&searchRank=73&rank=73,
"삼성전자 Bespoke 905L AI 4도어 냉장고 방문설치, RM70F90R2A","2,640,000원",https://www.coupang.com/vp/products/8680030286?itemId=25197702922&vendorItemId=92194350851&sourceType=srp_product_ads&clickEventId=f1d72e30-b652-11f0-b472-19742e10dcec&korePlacement=15&koreSubPlacement=75&clickEventId=f1d72e30-b652-11f0-b472-19742e10dcec&korePlacement=15&koreSubPlacement=75,
"[색상선택형] 삼성전자 비스포크 328L 김치플러스 3도어 냉장고 방문설치, 에센셜화이트, RQ33DG71J3EW","1,690,000원",https://www.coupang.com/vp/products/8397541682?itemId=24272920634&vendorItemId=91289410144&q=냉장고&searchId=764e0d861074873&sourceType=search&itemsCount=72&searchRank=75&rank=75,
"삼성전자 Bespoke 905L AI 4도어 냉장고 방문설치, RM70F90R2GD","2,240,000원",https://www.coupang.com/vp/products/8734947909?itemId=25287439673&vendorItemId=92194350868&sourceType=srp_product_ads&clickEventId=f1d72e30-b652-11f0-b31a-37e5979e092c&korePlacement=15&koreSubPlacement=77&clickEventId=f1d72e30-b652-11f0-b31a-37e5979e092c&korePlacement=15&koreSubPlacement=77,
"[색상선택형] 삼성전자 Bespoke AI 키친핏 640L 4도어 냉장고 방문설치, RM70F63R2Z","3,090,000원",https://www.coupang.com/vp/products/8663232191?itemId=25198753734&vendorItemId=92195376630&q=냉장고&searchId=764e0d861074873&sourceType=search&itemsCount=72&searchRank=77&rank=77,
"삼성전자 Bespoke AI 905L 4도어 냉장고 방문설치, RM70F90R2DD","2,240,000원",https://www.coupang.com/vp/products/8734947909?itemId=26071454922&vendorItemId=92195376712&sourceType=srp_product_ads&clickEventId=f1d72e30-b652-11f0-ad2a-236ad14af7a3&korePlacement=15&koreSubPlacement=79&clickEventId=f1d72e30-b652-11f0-ad2a-236ad14af7a3&korePlacement=15&koreSubPlacement=79,
"쿠잉전자 레트로 미니 80L 2도어 냉장고, REF-D85C","399,000원",https://www.coupang.com/vp/products/4945299444?itemId=6522351394&vendorItemId=73816867947&q=냉장고&searchId=764e0d861074873&sourceType=search&itemsCount=72&searchRank=79&rank=79,
"삼성전자 AI 김치플러스 490L 4도어 프리스탠딩 김치냉장고 방문설치, 리파인드이녹스, RQ49DG9003S9","2,520,000원",https://www.coupang.com/vp/products/8358545383?itemId=24153749099&vendorItemId=91172428922&q=냉장고&searchId=764e0d861074873&sourceType=search&itemsCount=72&searchRank=80&rank=80,
"삼성전자 김치플러스 328L 스탠드형 3도어 냉장고 방문설치, 리파인드이녹스, RQ33DG71J3S9","1,690,000원",https://www.coupang.com/vp/products/8321229633?itemId=24272920638&vendorItemId=91289410151&q=냉장고&searchId=764e0d861074873&sourceType=search&itemsCount=72&searchRank=81&rank=81,
"삼성전자 Bespoke 651L 양문형 냉장고 방문설치, RS70F65Q2Y","1,790,000원",https://www.coupang.com/vp/products/8660047964?itemId=26323542716&vendorItemId=93300885107&sourceType=srp_product_ads&clickEventId=f1d72e30-b652-11f0-9735-6b3c11a3c698&korePlacement=15&koreSubPlacement=83&clickEventId=f1d72e30-b652-11f0-9735-6b3c11a3c698&korePlacement=15&koreSubPlacement=83,
"[10% 환급가전] 삼성전자 비스포크 AI 하이브리드 901L 4도어 냉장고 방문설치, RM70F91R1ZG","3,040,000원",https://www.coupang.com/vp/products/8701026607?itemId=25850962907&vendorItemId=92837402533&q=냉장고&searchId=764e0d861074873&sourceType=search&itemsCount=72&searchRank=83&rank=83,
"메디하임 슬림형 128L 2도어 냉장고 방문설치, MHR-138GR","412,200원",https://www.coupang.com/vp/products/8856804904?itemId=25823164212&vendorItemId=92810046861&sourceType=srp_product_ads&clickEventId=f1d72e30-b652-11f0-8e88-43bc15981944&korePlacement=15&koreSubPlacement=85&clickEventId=f1d72e30-b652-11f0-8e88-43bc15981944&korePlacement=15&koreSubPlacement=85,
"하이얼 46L 1도어 냉장고, 화이트, HRT48MDW","169,000원",https://www.coupang.com/vp/products/6397740251?itemId=13667910793&vendorItemId=4041829789&q=냉장고&searchId=764e0d861074873&sourceType=search&itemsCount=72&searchRank=85&rank=85,
"[색상선택형] 삼성전자 비스포크 615L 키친핏 메탈 4도어 냉장고 방문설치, RF60DB9KF2AP","2,431,640원",https://www.coupang.com/vp/products/7994498812?itemId=22232246297&vendorItemId=89261193332&q=냉장고&searchId=764e0d861074873&sourceType=search&itemsCount=72&searchRank=86&rank=86,
"하이얼 아쿠아 클래식 레트로 82L 2도어 냉장고 방문설치, ART82MDCLI","339,000원",https://www.coupang.com/vp/products/7370229662?itemId=19010412644&vendorItemId=86135125324&q=냉장고&searchId=764e0d861074873&sourceType=search&itemsCount=72&searchRank=87&rank=87,
"[10% 환급가전] [색상선택형] LG전자 오브제 324L 컨버터블 세트 메탈 김치냉장고 방문설치, 오브제컬렉션베이지, Z323MEF","1,450,000원",https://www.coupang.com/vp/products/7910677213?itemId=21704783476&vendorItemId=88754244855&q=냉장고&searchId=764e0d861074873&sourceType=search&itemsCount=72&searchRank=88&rank=88,
"LG전자 디오스 김치톡톡 128L 뚜껑형 1도어 김치냉장고 방문설치, 린넨 화이트, K132LW123","689,000원",https://www.coupang.com/vp/products/7339809083?itemId=18862397428&vendorItemId=85991364353&q=냉장고&searchId=764e0d861074873&sourceType=search&itemsCount=72&searchRank=89&rank=89,
"위니아 소형 냉장고 2도어 87L WRT087BW(A), 냉장 냉동 분리","319,000원",https://www.coupang.com/vp/products/8909271568?itemId=26023626969&vendorItemId=92965528873&q=냉장고&searchId=764e0d861074873&sourceType=search&itemsCount=72&searchRank=90&rank=90,
캐리어 클라윈드 슬림형 85L 2도어 냉장고,"359,000원",https://www.coupang.com/vp/products/1499807496?itemId=23749215999&vendorItemId=92182478428&q=냉장고&searchId=764e0d861074873&sourceType=search&itemsCount=72&searchRank=91&rank=91,
스타리온 신모델 업소용냉장고 35박스 올냉장 올스텐 SR-C35ES 715L,"1,170,000원",https://www.coupang.com/vp/products/7144232132?itemId=17946794722&vendorItemId=85104579624&sourceType=srp_product_ads&clickEventId=f1d72e30-b652-11f0-8f2d-aa926ba91214&korePlacement=15&koreSubPlacement=93&clickEventId=f1d72e30-b652-11f0-8f2d-aa926ba91214&korePlacement=15&koreSubPlacement=93,
"[색상선택형] LG전자 오브제 505L 컨버터블 스탠드형 4도어 김치냉장고 메탈 김치톡톡 방문설치, 프라임실버, Z509MPSF13","2,150,000원",https://www.coupang.com/vp/products/8386166480?itemId=24238319436&vendorItemId=91255401713&q=냉장고&searchId=764e0d861074873&sourceType=search&itemsCount=72&searchRank=93&rank=93,
"[색상선택형] 삼성전자 Bespoke AI 키친핏 640L 4도어 냉장고 방문설치, RM70F63R2Z","3,090,000원",https://www.coupang.com/vp/products/8663232191?itemId=25198753734&vendorItemId=92195376630&sourceType=srp_product_ads&clickEventId=f1d72e30-b652-11f0-a308-1732f735a465&korePlacement=15&koreSubPlacement=95&clickEventId=f1d72e30-b652-11f0-a308-1732f735a465&korePlacement=15&koreSubPlacement=95,
"삼성전자 651L 양문형냉장고 방문설치, RS70F65Q2F","1,790,000원",https://www.coupang.com/vp/products/8660047964?itemId=25135679743&vendorItemId=92134713781&sourceType=srp_product_ads&clickEventId=f1d75540-b652-11f0-85ed-cf63fc872d9a&korePlacement=15&koreSubPlacement=96&clickEventId=f1d75540-b652-11f0-85ed-cf63fc872d9a&korePlacement=15&koreSubPlacement=96,
"[색상선택형] 삼성전자 비스포크 490L 프리스탠딩 4도어 김치냉장고 AI 김치플러스 방문설치, 에센셜화이트, RQ49DG90X2EW","2,550,000원",https://www.coupang.com/vp/products/8597694321?itemId=24166239953&vendorItemId=91184629276&q=냉장고&searchId=764e0d861074873&sourceType=search&itemsCount=72&searchRank=96&rank=96,
"쿠잉전자 44L 1도어 냉장고, 화이트, REF-S51W","158,000원",https://www.coupang.com/vp/products/8373550846?itemId=24196945520&vendorItemId=91214583873&q=냉장고&searchId=764e0d861074873&sourceType=search&itemsCount=72&searchRank=97&rank=97,
"하이얼 다용도 쇼케이스 냉장고 방문설치, HSC248MHB","549,000원",https://www.coupang.com/vp/products/7355196161?itemId=18936872588&vendorItemId=86063462183&q=냉장고&searchId=764e0d861074873&sourceType=search&itemsCount=72&searchRank=98&rank=98,
"갈란츠 미니 70L 1도어 냉장고, 실버, BC-70-63H","142,800원",https://www.coupang.com/vp/products/7824173886?itemId=21260491186&vendorItemId=88320842006&q=냉장고&searchId=764e0d861074873&sourceType=search&itemsCount=72&searchRank=99&rank=99,
"하이얼 46L 1도어 냉장고, 블랙, HRT48MDB","169,000원",https://www.coupang.com/vp/products/6397740251?itemId=13667892094&vendorItemId=4041829591&q=냉장고&searchId=764e0d861074873&sourceType=search&itemsCount=72&searchRank=100&rank=100,
"삼성전자 Bespoke AI 키친핏 640L 4도어 냉장고 방문설치, RM70F63R2G","3,090,000원",https://www.coupang.com/vp/products/8663232191?itemId=25198753736&vendorItemId=92195376640&q=냉장고&searchId=764e0d861074873&sourceType=search&itemsCount=72&searchRank=101&rank=101,
"[10% 환급가전] 삼성전자 김치플러스 202L 2도어 뚜껑형 김치냉장고 방문설치, 그레이지, RP20C3111EG","1,029,000원",https://www.coupang.com/vp/products/7615167596?itemId=23375508515&vendorItemId=86043345875&q=냉장고&searchId=764e0d861074873&sourceType=search&itemsCount=72&searchRank=102&rank=102,
"애니게이트 미니 냉온장고, 5L","59,000원",https://www.coupang.com/vp/products/7812334228?itemId=21194073620&vendorItemId=88255386882&q=냉장고&searchId=764e0d861074873&sourceType=search&itemsCount=72&searchRank=103&rank=103,
"얼픽 화장품 냉장고 미니 저소음 12L, B.러블리 핑크","325,000원",https://www.coupang.com/vp/products/8614443671?itemId=24988238928&vendorItemId=91986480454&q=냉장고&searchId=764e0d861074873&sourceType=search&itemsCount=72&searchRank=104&rank=104,
"케민 미니 냉장고 10L K10, 화이트","74,900원",https://www.coupang.com/vp/products/6122189540?itemId=11612454720&vendorItemId=78887138429&q=냉장고&searchId=764e0d861074873&sourceType=search&itemsCount=72&searchRank=105&rank=105,
레비오사 멀티 미니 냉장고 4L LEMR-400RF 화이트 레트로 감성 다용도 가정용 화장품 냉장고,"75,000원",https://www.coupang.com/vp/products/7173196340?itemId=24415082741&vendorItemId=91429601041&q=냉장고&searchId=764e0d861074873&sourceType=search&itemsCount=72&searchRank=106&rank=106,
"하이얼 산요 아쿠아 슈퍼 슬림 121L 스탠드형 1도어 김치냉장고 방문설치, 미스트화이트, ARK121MNW","545,370원",https://www.coupang.com/vp/products/8456877518?itemId=24462111576&vendorItemId=91475777485&q=냉장고&searchId=764e0d861074873&sourceType=search&itemsCount=72&searchRank=107&rank=107,
"캐리어 일반 냉장 쇼케이스 386L 방문설치, CSR480RC1H","529,000원",https://www.coupang.com/vp/products/8173970572?itemId=23356114826&vendorItemId=90386740548&q=냉장고&searchId=764e0d861074873&sourceType=search&itemsCount=72&searchRank=108&rank=108,
"쿠잉전자 무소음 미니 냉장고 26L REF-N30, 크림, REF-N30C","399,000원",https://www.coupang.com/vp/products/7126865304?itemId=17857627395&vendorItemId=85020940779&q=냉장고&searchId=764e0d861074873&sourceType=search&itemsCount=72&searchRank=109&rank=109,
"하이얼 쇼케이스 미니 냉장고 91L HSC91MDB, 블랙","279,000원",https://www.coupang.com/vp/products/6978493189?itemId=17039607200&vendorItemId=84214471342&q=냉장고&searchId=764e0d861074873&sourceType=search&itemsCount=72&searchRank=110&rank=110,
"마이디어 93L 1도어 인버터 냉장고, 화이트, MDRD142FGO01","352,900원",https://www.coupang.com/vp/products/8744681903?itemId=25415345365&vendorItemId=92408673776&q=냉장고&searchId=764e0d861074873&sourceType=search&itemsCount=72&searchRank=111&rank=111,
"벨류텍 화장품 차량용 겸용 냉온장고 15L VR-015L-D, White","94,160원",https://www.coupang.com/vp/products/88926390?itemId=277998350&vendorItemId=3675536048&q=냉장고&searchId=764e0d861074873&sourceType=search&itemsCount=72&searchRank=112&rank=112,
"하이얼 아쿠아 뚜껑형 냉장겸용 냉동고 295L 방문설치, 퓨어 화이트, HRF368MNW","323,720원",https://www.coupang.com/vp/products/8787045137?itemId=25571963520&vendorItemId=92563085519&q=냉장고&searchId=764e0d861074873&sourceType=search&itemsCount=72&searchRank=113&rank=113,
"[색상선택형] 삼성전자 비스포크 313L 스탠드형 3도어 김치냉장고 키친핏 방문설치, 글램 핑크 + 글램 화이트, RQ33C74C3AP","1,247,110원",https://www.coupang.com/vp/products/7350363602?itemId=19383301977&vendorItemId=86483897316&q=냉장고&searchId=764e0d861074873&sourceType=search&itemsCount=72&searchRank=114&rank=114,
"[색상선택형] LG전자 오브제 402L 스탠드형 김치냉장고 메탈 4도어 디오스 방문설치, 오브제컬렉션베이지, Z403MEEF53","2,650,000원",https://www.coupang.com/vp/products/8054011910?itemId=22600084397&vendorItemId=89641741413&q=냉장고&searchId=764e0d861074873&sourceType=search&itemsCount=72&searchRank=115&rank=115,
"캐리어 모드비 미니 김치에디션 122L 스탠드형 1도어 냉장고 + 락앤락 김치통3p 세트 방문설치, 블랙메탈, MFNO122BKM1","426,870원",https://www.coupang.com/vp/products/8150667896?itemId=24707853322&vendorItemId=91743026685&q=냉장고&searchId=764e0d861074873&sourceType=search&itemsCount=72&searchRank=116&rank=116,
"포쿨 미니 쇼케이스 냉장고 KVC-90 90L, 올블랙","273,000원",https://www.coupang.com/vp/products/7196507048?itemId=18180677548&vendorItemId=86495331279&q=냉장고&searchId=764e0d861074873&sourceType=search&itemsCount=72&searchRank=117&rank=117,
"쿠잉전자 쇼케이스 미니 냉장고 70L 방문설치, RS-S71BK","309,000원",https://www.coupang.com/vp/products/8835011253?itemId=25745728692&vendorItemId=92734085680&q=냉장고&searchId=764e0d861074873&sourceType=search&itemsCount=72&searchRank=118&rank=118,
"캐리어 클라윈드 슬림형 냉장고 46L CRF-TD046SSA, 실버메탈","199,000원",https://www.coupang.com/vp/products/7102076684?itemId=17730494773&vendorItemId=91414995749&q=냉장고&searchId=764e0d861074873&sourceType=search&itemsCount=72&searchRank=119&rank=119,
"쿠쿠 133L 스탠드형 김치냉장고 방문설치, 실버, CKR-ANLD1410MS","579,000원",https://www.coupang.com/vp/products/8488687831?itemId=24568473969&vendorItemId=91580516092&q=냉장고&searchId=764e0d861074873&sourceType=search&itemsCount=72&searchRank=120&rank=120,
"프리미엄 콜드업 미니 김치냉장고 냉동고 겸용 1등급 소형 스탠드 술장고 1인가구 쌀 야채 원룸, 골드 301L","1,400,000원",https://www.coupang.com/vp/products/8964434106?itemId=26232982743&vendorItemId=93211808496&q=냉장고&searchId=764e0d861074873&sourceType=search&itemsCount=72&searchRank=121&rank=121,
"Starstech 소형 김치냉장고 뚜껑형 냉동고 미니 냉동 2도어 양문형 대용량, 로얄 양문형 106L","428,000원",https://www.coupang.com/vp/products/9091050405?itemId=26716336008&vendorItemId=93687959990&q=냉장고&searchId=764e0d861074873&sourceType=search&itemsCount=72&searchRank=122&rank=122,
"알피쿨 K25 다용도 차량용 냉장고, 25L, 25L, 화이트 + 그레이","216,800원",https://www.coupang.com/vp/products/7216757357?itemId=18277806455&vendorItemId=91961631141&q=냉장고&searchId=764e0d861074873&sourceType=search&itemsCount=72&searchRank=123&rank=123,
"[10% 환급가전] [색상선택형] LG전자 오브제 컬렉션 컨버터블 세트 메탈 좌열림 냉장전용고 + 냉동전용고 + 김치냉장고 세트 베이지 방문설치, XYZ323MEF","3,650,000원",https://www.coupang.com/vp/products/8346551406?itemId=24109076051&vendorItemId=91128369771&q=냉장고&searchId=764e0d861074873&sourceType=search&itemsCount=72&searchRank=124&rank=124,
LG전자 업소용 비즈니스 냉장 3칸 냉동 1칸 냉장고 1064L C110AK 방문설치,"1,739,930원",https://www.coupang.com/vp/products/6262097949?itemId=12756362893&vendorItemId=80022615103&q=냉장고&searchId=764e0d861074873&sourceType=search&itemsCount=72&searchRank=125&rank=125,
LG전자 업소용 비즈니스 냉장 2칸 냉동 2칸 냉장고 1060L C110AHB 방문설치,"1,850,000원",https://www.coupang.com/vp/products/6262097937?itemId=12756362844&vendorItemId=80022615026&q=냉장고&searchId=764e0d861074873&sourceType=search&itemsCount=72&searchRank=126&rank=126,
"풀무원건강생활 글라스 120L 스탠드형 김치냉장고 + 김치통 7p 방문설치, 매트 화이트(김치냉장고), KS120DG1YY","624,000원",https://www.coupang.com/vp/products/8487213616?itemId=24563183202&vendorItemId=91575345036&q=냉장고&searchId=764e0d861074873&sourceType=search&itemsCount=72&searchRank=127&rank=127,
"로얄스타일 미니 김치냉장고 원룸 냉장고 냉동고 겸용 2도어 스탠드형 소형 술장고 음료, 118L","169,800원",https://www.coupang.com/vp/products/8987987104?itemId=26324552185&vendorItemId=93301882210&q=냉장고&searchId=764e0d861074873&sourceType=search&itemsCount=72&searchRank=128&rank=128,
"그랜드우성 업소용냉장고 25 30 45박스 냉장고 메탈 아날로그, 45박스기존 냉동1냉장3칸","1,500,000원",https://www.coupang.com/vp/products/8550730142?itemId=11369862871&vendorItemId=80153828917&q=냉장고&searchId=764e0d861074873&sourceType=search&itemsCount=72&searchRank=129&rank=129,
헤르젠 25년형 쌀냉장고 AI CARE 플러스 블랙 21kg 고객직접설치,"366,650원",https://www.coupang.com/vp/products/8090679149?itemId=22848880984&vendorItemId=93861328485&q=냉장고&searchId=764e0d861074873&sourceType=search&itemsCount=72&searchRank=130&rank=130,
"[10% 환급가전] 25년형 1등급 딤채 뚜껑형 김치냉장고 221리터 EDL22KBWRS, 25년형 1등급 딤채 221리터 EDL22KBWRS","1,270,000원",https://www.coupang.com/vp/products/8548419174?itemId=24754381107&vendorItemId=91762821054&q=냉장고&searchId=764e0d861074873&sourceType=search&itemsCount=72&searchRank=131&rank=131,
"로얄스타일 쇼케이스 레트로 음료수 주류 냉장고 소형 술냉장고 업소용 술장고 소주 맥주, 198L","1,600,000원",https://www.coupang.com/vp/products/9063671388?itemId=26612992986&vendorItemId=93586036607&q=냉장고&searchId=764e0d861074873&sourceType=search&itemsCount=72&searchRank=132&rank=132,
"미홀 차량용 가정용 듀얼 냉장고(한국 플러그), 26L, 그레이","194,100원",https://www.coupang.com/vp/products/6566130226?itemId=14720795368&vendorItemId=91356885479&q=냉장고&searchId=764e0d861074873&sourceType=search&itemsCount=72&searchRank=133&rank=133,
"LG전자 원도어 321L 냉동고, 샤인, A320S","1,100,000원",https://www.coupang.com/vp/products/5379208287?itemId=7986630774&vendorItemId=75275544552&q=냉장고&searchId=764e0d861074873&sourceType=search&itemsCount=72&searchRank=134&rank=134,
"[공식인증정품] 캐리어 클라윈드 KRFO-047ABPWO 47L 미니냉장고, 상세 설명 참조","199,000원",https://www.coupang.com/vp/products/7899924495?itemId=21647503551&vendorItemId=91974484487&q=냉장고&searchId=764e0d861074873&sourceType=search&itemsCount=72&searchRank=135&rank=135,
"포쿨 미니 쇼케이스 냉장고 KVC-50 50L, 화이트","180,750원",https://www.coupang.com/vp/products/7196507048?itemId=11141682996&vendorItemId=86458377280&q=냉장고&searchId=764e0d861074873&sourceType=search&itemsCount=72&searchRank=136&rank=136,
"[10% 환급가전] LG전자 디오스 오브제컬렉션 김치톡톡 327L 3도어 스탠드형 김치냉장고 방문설치, 크림그레이, Z330MRRF21","2,050,000원",https://www.coupang.com/vp/products/8762971800?itemId=25481813409&vendorItemId=92731892323&q=냉장고&searchId=764e0d861074873&sourceType=search&itemsCount=72&searchRank=137&rank=137,
"[색상선택형] 삼성전자 비스포크 313L 스탠드형 3도어 김치냉장고 키친핏 방문설치, 글램화이트 + 글램핑크, RQ33C74C3AP","1,247,110원",https://www.coupang.com/vp/products/7350363602?itemId=19383307363&vendorItemId=86483897242&q=냉장고&searchId=764e0d861074873&sourceType=search&itemsCount=72&searchRank=138&rank=138,
삼성전자 냉동고 227L 삼성물류직배송설치 화이트 RZ22CG4000WW,"600,000원",https://www.coupang.com/vp/products/8273225506?itemId=23845573001&vendorItemId=92052678295&q=냉장고&searchId=764e0d861074873&sourceType=search&itemsCount=72&searchRank=139&rank=139,
"[색상선택형] 삼성전자 비스포크 313L 스탠드형 3도어 김치냉장고 김치플러스 키친핏 방문설치, 코타화이트, RQ33DB74D201","1,990,000원",https://www.coupang.com/vp/products/8397541638?itemId=24272920557&vendorItemId=91289410009&q=냉장고&searchId=764e0d861074873&sourceType=search&itemsCount=72&searchRank=140&rank=140,
"락앤락 50L 김치냉장고, 화이트, EJT341WHT","382,440원",https://www.coupang.com/vp/products/8735219028?itemId=25385331857&vendorItemId=92403918565&q=냉장고&searchId=764e0d861074873&sourceType=search&itemsCount=72&searchRank=141&rank=141,
"포쿨 미니 쇼케이스 냉장고 KVC-50 50L, 블랙","177,800원",https://www.coupang.com/vp/products/7196507048?itemId=18180677550&vendorItemId=86458377265&q=냉장고&searchId=764e0d861074873&sourceType=search&itemsCount=72&searchRank=142&rank=142,
"글라프 모던 쇼케이스 냉장고 1등급 에너지 진열 술장고 음료수 가정용 업소용, 108L","438,000원",https://www.coupang.com/vp/products/9099614463?itemId=26748800285&vendorItemId=93719902197&q=냉장고&searchId=764e0d861074873&sourceType=search&itemsCount=72&searchRank=143&rank=143,
"[색상선택형] 삼성전자 비스포크 852L 2도어 양문형 냉장고 방문설치, RS84DB5002CW","1,690,000원",https://www.coupang.com/vp/products/8261339936?itemId=23799489308&vendorItemId=90823426912&sourceType=srp_product_ads&clickEventId=fa4a9250-b652-11f0-bd42-1929f0d15378&korePlacement=15&koreSubPlacement=145&clickEventId=fa4a9250-b652-11f0-bd42-1929f0d15378&korePlacement=15&koreSubPlacement=145,
"캐리어 다목적 냉동고 199L 방문설치, 실버메탈, CSBMD200SO1","283,100원",https://www.coupang.com/vp/products/8221732063?itemId=23632210207&vendorItemId=92167636460&q=냉장고&searchId=ef699bc2567657&sourceType=search&itemsCount=72&searchRank=145&rank=145,
"삼성전자 852L 2도어 양문형 냉장고 방문설치, RS84DG5002M9","1,070,000원",https://www.coupang.com/vp/products/8261339936?itemId=23799489307&vendorItemId=90823426909&sourceType=srp_product_ads&clickEventId=fa4a9250-b652-11f0-95b4-3bd5af5ee0b3&korePlacement=15&koreSubPlacement=147&clickEventId=fa4a9250-b652-11f0-95b4-3bd5af5ee0b3&korePlacement=15&koreSubPlacement=147,
"디어홈 소형 김치냉장고 뚜껑형 두께강화 전기절약형 미니 냉동고 저소음, 전기절약모델128","318,000원",https://www.coupang.com/vp/products/9091025879?itemId=26716231217&vendorItemId=93687858370&q=냉장고&searchId=ef699bc2567657&sourceType=search&itemsCount=72&searchRank=147&rank=147,
"삼성전자 Bespoke AI 905L 4도어 냉장고 방문설치, RM70F90R2W","2,740,000원",https://www.coupang.com/vp/products/8950366279?itemId=25198753759&vendorItemId=92195376703&sourceType=srp_product_ads&clickEventId=fa4a9250-b652-11f0-959c-a547024c318b&korePlacement=15&koreSubPlacement=149&clickEventId=fa4a9250-b652-11f0-959c-a547024c318b&korePlacement=15&koreSubPlacement=149,
"쿠잉 스탠드 미니 슬림 냉동고 소형 280L 방문설치, 화이트, FR-N280SW","725,000원",https://www.coupang.com/vp/products/8832414634?itemId=25736286775&vendorItemId=92724790585&q=냉장고&searchId=ef699bc2567657&sourceType=search&itemsCount=72&searchRank=149&rank=149,
"삼성전자 일반 525L 2도어 냉장고 방문설치, RT53DG7A1CWW","1,149,000원",https://www.coupang.com/vp/products/8412639187?itemId=24325462084&vendorItemId=91341158791&sourceType=srp_product_ads&clickEventId=fa4a9250-b652-11f0-af34-89d80f548e41&korePlacement=15&koreSubPlacement=151&clickEventId=fa4a9250-b652-11f0-af34-89d80f548e41&korePlacement=15&koreSubPlacement=151,
"[10% 환급가전] [색상선택형] LG전자 오브제컬렉션 327L 3도어 스탠드형 김치냉장고 디오스 톡톡 방문설치, 맨해튼미드나잇, Z330MMMF11","2,000,000원",https://www.coupang.com/vp/products/8688230888?itemId=25224361753&vendorItemId=92220668181&q=냉장고&searchId=ef699bc2567657&sourceType=search&itemsCount=72&searchRank=151&rank=151,
"글라프 모던 쇼케이스 냉장고 1등급 에너지 진열 술장고 음료수 가정용 업소용, 178L","710,000원",https://www.coupang.com/vp/products/9099614463?itemId=26748800288&vendorItemId=93719902198&q=냉장고&searchId=ef699bc2567657&sourceType=search&itemsCount=72&searchRank=152&rank=152,
"TCL 스탠딩 냉동고 262L 방문설치, 그레이, P272SDVS","519,000원",https://www.coupang.com/vp/products/8622934821?itemId=25016984585&vendorItemId=92021828642&q=냉장고&searchId=ef699bc2567657&sourceType=search&itemsCount=72&searchRank=153&rank=153,
"메디하임 슬림형 128L 2도어 냉장고 방문설치, MHR-138GR","412,200원",https://www.coupang.com/vp/products/8856804904?itemId=25823164212&vendorItemId=92810046861&sourceType=srp_product_ads&clickEventId=fa4a9250-b652-11f0-a66b-c0ea01a01ee2&korePlacement=15&koreSubPlacement=155&clickEventId=fa4a9250-b652-11f0-a66b-c0ea01a01ee2&korePlacement=15&koreSubPlacement=155,
"하이얼 아쿠아 와인셀러 HWC288MHB 121병 방문설치, 시크블랙","854,640원",https://www.coupang.com/vp/products/8123906015?itemId=23054351653&vendorItemId=90088006805&q=냉장고&searchId=ef699bc2567657&sourceType=search&itemsCount=72&searchRank=155&rank=155,
"삼성전자 Bespoke 905L AI 4도어 냉장고 방문설치, RM70F90R2GD","2,240,000원",https://www.coupang.com/vp/products/8734947909?itemId=25287439673&vendorItemId=92194350868&sourceType=srp_product_ads&clickEventId=fa4a9250-b652-11f0-bba9-6416b1014c31&korePlacement=15&koreSubPlacement=157&clickEventId=fa4a9250-b652-11f0-bba9-6416b1014c31&korePlacement=15&koreSubPlacement=157,
"하코리 냉장고 정리 대형 다용도 트레이, 4개, 투명","22,000원",https://www.coupang.com/vp/products/8819129406?itemId=25700316474&vendorItemId=92689361943&q=냉장고&searchId=ef699bc2567657&sourceType=search&itemsCount=72&searchRank=157&rank=157,
"tinduo 가구이동 바퀴 옮기는 도구 슬라이더 만능 지렛대세트 짐 냉장고옮기는 도구 가정용 공구 세트, 1세트","21,000원",https://www.coupang.com/vp/products/8812769370?itemId=25674772746&vendorItemId=92664053729&q=냉장고&searchId=ef699bc2567657&sourceType=search&itemsCount=72&searchRank=158&rank=158,
"펀펀상사 만능지렛대 무거운 가구 짐 옮기는 도구 파워레일 가구이동바퀴, 몬스터 브레이크, 1개","39,800원",https://www.coupang.com/vp/products/7652312385?itemId=20364326625&vendorItemId=87840754463&q=냉장고&searchId=ef699bc2567657&sourceType=search&itemsCount=72&searchRank=159&rank=159,
"하이얼 아쿠아 체스트 타입 397L 뚜껑형 냉동고 방문설치, 퓨어 화이트, HCF397MDW","599,000원",https://www.coupang.com/vp/products/6499626326?itemId=14304618479&vendorItemId=81549416784&q=냉장고&searchId=ef699bc2567657&sourceType=search&itemsCount=72&searchRank=160&rank=160,
"홈스타 냄새먹는 냉장고용 탈취제 유칼립투스, 420g, 1개","6,900원",https://www.coupang.com/vp/products/7925814629?itemId=21788502370&vendorItemId=88837186617&q=냉장고&searchId=ef699bc2567657&sourceType=search&itemsCount=72&searchRank=161&rank=161,
"YF 만능지렛대 무거운 가구 옮기기 길이조절 가구운반기 소파 냉장고 가구이동 슬라이더, 1세트","18,900원",https://www.coupang.com/vp/products/8677773968?itemId=24778114615&vendorItemId=91786111230&q=냉장고&searchId=ef699bc2567657&sourceType=search&itemsCount=72&searchRank=162&rank=162,
"더함 미니 글라스도어 컨버터블 31L 냉동고, 화이트, F031GW1-FD1M","399,000원",https://www.coupang.com/vp/products/8349560766?itemId=24120489076&vendorItemId=91139673452&q=냉장고&searchId=ef699bc2567657&sourceType=search&itemsCount=72&searchRank=163&rank=163,
"삼성전자 Bespoke AI 905L 4도어 냉장고 방문설치, RM70F90R2ZD","2,240,000원",https://www.coupang.com/vp/products/8734947909?itemId=25384283391&vendorItemId=92378167476&sourceType=srp_product_ads&clickEventId=fa4ab960-b652-11f0-b3f4-b8dc54ac72eb&korePlacement=15&koreSubPlacement=165&clickEventId=fa4ab960-b652-11f0-b3f4-b8dc54ac72eb&korePlacement=15&koreSubPlacement=165,
"싱싱 1등급 에너지효율 소형 김치냉장고 뚜껑형 냉동고 겸용 100L/205L, 100L","530,000원",https://www.coupang.com/vp/products/9044500703?itemId=26540507296&vendorItemId=93514482705&q=냉장고&searchId=ef699bc2567657&sourceType=search&itemsCount=72&searchRank=165&rank=165,
캐리어 피트인 4도어 양문형 냉장고 566L 방문설치 메탈 블랙 KRNF566BPS1,"1,870,000원",https://www.coupang.com/vp/products/8618660649?itemId=25003593512&vendorItemId=93228409412&sourceType=srp_product_ads&clickEventId=fa4ab960-b652-11f0-9ef2-a9ab32bd816d&korePlacement=15&koreSubPlacement=167&clickEventId=fa4ab960-b652-11f0-9ef2-a9ab32bd816d&korePlacement=15&koreSubPlacement=167,
"TCL 양문형 냉장고 483L 방문설치, P520SBC","619,000원",https://www.coupang.com/vp/products/8732909123?itemId=25376052002&vendorItemId=92370124150&sourceType=srp_product_ads&clickEventId=fa4ab960-b652-11f0-b424-42f5a9b0d93d&korePlacement=15&koreSubPlacement=168&clickEventId=fa4ab960-b652-11f0-b424-42f5a9b0d93d&korePlacement=15&koreSubPlacement=168,
"헤르젠 AI 쌀냉장고 21kg, SSR-G21K(화이트)","268,000원",https://www.coupang.com/vp/products/7279352437?itemId=18581686431&vendorItemId=93868057415&q=냉장고&searchId=ef699bc2567657&sourceType=search&itemsCount=72&searchRank=168&rank=168,
"4단 자동 롤링 에그 트레이, 옐로우, 1개","5,900원",https://www.coupang.com/vp/products/7858774577?itemId=21439851531&vendorItemId=91817588481&q=냉장고&searchId=ef699bc2567657&sourceType=search&itemsCount=72&searchRank=169&rank=169,
"쿠잉전자 스탠드 냉동고 168L 방문설치, 실버, FR-S182S","439,000원",https://www.coupang.com/vp/products/8847532682?itemId=25789724059&vendorItemId=92777503202&q=냉장고&searchId=ef699bc2567657&sourceType=search&itemsCount=72&searchRank=170&rank=170,
"프리오 업소용 반찬냉장고 8구 1500x700x800 메탈, 11.반찬냉장고 1500x700x800 (8구)","725,000원",https://www.coupang.com/vp/products/310374463?itemId=18291952497&vendorItemId=89721365250&q=냉장고&searchId=ef699bc2567657&sourceType=search&itemsCount=72&searchRank=171&rank=171,
스타리온 업소용 냉장고 올냉동 500L SR-C25DIC 방문설치,"1,008,000원",https://www.coupang.com/vp/products/6400055801?itemId=20899705052&vendorItemId=87966764826&q=냉장고&searchId=ef699bc2567657&sourceType=search&itemsCount=72&searchRank=172&rank=172,
"[10% 환급가전] 삼성전자 김치플러스 뚜껑형 김치냉장고 221L 방문설치, 세레네 실버, RP22C3111Z1","1,109,000원",https://www.coupang.com/vp/products/7350966080?itemId=18916110121&vendorItemId=86043345833&q=냉장고&searchId=ef699bc2567657&sourceType=search&itemsCount=72&searchRank=173&rank=173,
"더함 미니 냉동고 177L 방문설치, 메탈실버, F177S1-FD1M","659,000원",https://www.coupang.com/vp/products/8264314055?itemId=23772867166&vendorItemId=90797126404&q=냉장고&searchId=ef699bc2567657&sourceType=search&itemsCount=72&searchRank=174&rank=174,
"로얄스타일 쇼케이스 레트로 음료수 주류 냉장고 소형 술냉장고 업소용 술장고 소주 맥주, 138L","1,060,000원",https://www.coupang.com/vp/products/9063671388?itemId=26612992992&vendorItemId=93586036606&q=냉장고&searchId=ef699bc2567657&sourceType=search&itemsCount=72&searchRank=175&rank=175,
"쿠잉전자 다목적 206L 냉동고 방문설치, FR-202CW","399,000원",https://www.coupang.com/vp/products/6059288342?itemId=11134356795&vendorItemId=78412886778&q=냉장고&searchId=ef699bc2567657&sourceType=search&itemsCount=72&searchRank=176&rank=176,
"[코오롱 공식판매] 알피쿨 X시리즈 정품 캠핑 차량용 냉장고 블루투스 이동식 낚시 화물, X55, 샌드베이지","559,000원",https://www.coupang.com/vp/products/7809904698?itemId=21180682814&vendorItemId=88242101401&q=냉장고&searchId=ef699bc2567657&sourceType=search&itemsCount=72&searchRank=177&rank=177,
"로얄스타일 미니 김치냉장고 원룸 냉장고 냉동고 겸용 2도어 스탠드형 소형 술장고 음료, 126L","189,800원",https://www.coupang.com/vp/products/8987987104?itemId=26324552183&vendorItemId=93301882209&q=냉장고&searchId=ef699bc2567657&sourceType=search&itemsCount=72&searchRank=178&rank=178,
"LG전자 냉동고 200L 방문설치, 퓨어, A202S","680,000원",https://www.coupang.com/vp/products/7141791585?itemId=17932850757&vendorItemId=85094354884&q=냉장고&searchId=ef699bc2567657&sourceType=search&itemsCount=72&searchRank=179&rank=179,
"뚜뚜아트 비스포크 오브제 냉장고 달력 접착 스케줄 보드, 01. 리무버블 베이지 월간, 1개","16,800원",https://www.coupang.com/vp/products/8546145945?itemId=24745880266&vendorItemId=92041045324&q=냉장고&searchId=ef699bc2567657&sourceType=search&itemsCount=72&searchRank=180&rank=180,
"쿠잉전자 다목적 소형 냉동고 39L, 화이트, FR-C040W","239,000원",https://www.coupang.com/vp/products/8792187642?itemId=25591496200&vendorItemId=92582274466&q=냉장고&searchId=ef699bc2567657&sourceType=search&itemsCount=72&searchRank=181&rank=181,
"국대 냉장고 자물쇠 시건장치 사물함 잠금장치, 2개","21,000원",https://www.coupang.com/vp/products/8309687359?itemId=17237041045&vendorItemId=84408660561&q=냉장고&searchId=ef699bc2567657&sourceType=search&itemsCount=72&searchRank=182&rank=182,
"쿠잉전자 미니 냉동고 35L, 메탈실버, FR-S35M","224,000원",https://www.coupang.com/vp/products/8857197082?itemId=25825170121&vendorItemId=92811998101&q=냉장고&searchId=ef699bc2567657&sourceType=search&itemsCount=72&searchRank=183&rank=183,
"코멧 냉장고 정리 트레이, 투명, 10개","7,900원",https://www.coupang.com/vp/products/8529481261?itemId=24695113005&vendorItemId=91704847032&q=냉장고&searchId=ef699bc2567657&sourceType=search&itemsCount=72&searchRank=184&rank=184,
"더함 다용도 엣지 미니 99L 냉동고, 화이트, F099W1-HD1M","359,000원",https://www.coupang.com/vp/products/8151118917?itemId=23197370846&vendorItemId=90229964743&q=냉장고&searchId=ef699bc2567657&sourceType=search&itemsCount=72&searchRank=185&rank=185,
"쿠잉전자 선반형 스탠드 냉동고 60L 방문설치, 화이트, FR-S60W","299,000원",https://www.coupang.com/vp/products/8847146762?itemId=25787998121&vendorItemId=92775816997&q=냉장고&searchId=ef699bc2567657&sourceType=search&itemsCount=72&searchRank=186&rank=186,
"팜이톡 진짜 99.9% 살균 강력한 냉장고 탈취제, 2개, 6ml","19,500원",https://www.coupang.com/vp/products/7863851576?itemId=21581871640&vendorItemId=91516677528&q=냉장고&searchId=ef699bc2567657&sourceType=search&itemsCount=72&searchRank=187&rank=187,
"신선함이 살아있는 쿨에버 미니 김치냉장고 1등급 2도어 냉동고 겸용 쌀 야채 소형 술장고, 187L","800,000원",https://www.coupang.com/vp/products/8780640984?itemId=25547930816&vendorItemId=92539412339&q=냉장고&searchId=ef699bc2567657&sourceType=search&itemsCount=72&searchRank=188&rank=188,
"쿠잉전자 다목적 66L 냉동고, 화이트, FR-C070W","249,000원",https://www.coupang.com/vp/products/7536269100?itemId=19800263572&vendorItemId=86902625159&q=냉장고&searchId=ef699bc2567657&sourceType=search&itemsCount=72&searchRank=189&rank=189,
"코멧 냉동밥 국용 전자레인지 밀폐용기 블루 275ml, 13개, 단품","7,500원",https://www.coupang.com/vp/products/8702539790?itemId=25272004307&vendorItemId=92267723670&q=냉장고&searchId=ef699bc2567657&sourceType=search&itemsCount=72&searchRank=190&rank=190,
카투어 K35 휴대용 캠핑 차량용 냉장고 이동식 냉동고 35리터 12V 24V 220V,"295,000원",https://www.coupang.com/vp/products/8427825609?itemId=24379727509&vendorItemId=91394836112&q=냉장고&searchId=ef699bc2567657&sourceType=search&itemsCount=72&searchRank=191&rank=191,
"소소로이 비스포크 오브제 냉장고 달력 화이트 보드판 점착 메모 보드, 모던하우스","26,000원",https://www.coupang.com/vp/products/9058227430?itemId=26592246937&vendorItemId=93565498308&q=냉장고&searchId=ef699bc2567657&sourceType=search&itemsCount=72&searchRank=192&rank=192,
"암앤해머 프리지앤프리저 베이킹소다 냉장고탈취제, 396.8g, 3개","11,850원",https://www.coupang.com/vp/products/3159726?itemId=25948950305&vendorItemId=92931874041&q=냉장고&searchId=ef699bc2567657&sourceType=search&itemsCount=72&searchRank=193&rank=193,
"로얄스타일 미니 김치냉장고 원룸 냉장고 냉동고 겸용 2도어 스탠드형 소형 술장고 음료, 146L","259,800원",https://www.coupang.com/vp/products/8987987104?itemId=26324552191&vendorItemId=93301882211&q=냉장고&searchId=ef699bc2567657&sourceType=search&itemsCount=72&searchRank=194&rank=194,
"루미에르 냉장고 캔 음료 맥주 디스펜서 정리 자동정렬 트레이 5열 모던 핏, 블랙, 1개","59,000원",https://www.coupang.com/vp/products/8339703930?itemId=20876507960&vendorItemId=88070930388&q=냉장고&searchId=ef699bc2567657&sourceType=search&itemsCount=72&searchRank=195&rank=195,
"소형냉동고 미니 가정용 서브 냉동고 100L, KFHF-101DW","300,000원",https://www.coupang.com/vp/products/7825475546?itemId=21268697736&vendorItemId=91571924181&q=냉장고&searchId=ef699bc2567657&sourceType=search&itemsCount=72&searchRank=196&rank=196,
"프리탑 미니냉동고 소형 원룸 가정용 아이스크림냉동고 영업용 100L, FTO-F100WF","350,000원",https://www.coupang.com/vp/products/9093578026?itemId=26725509642&vendorItemId=93712066664&q=냉장고&searchId=ef699bc2567657&sourceType=search&itemsCount=72&searchRank=197&rank=197,
"쓸모있는남자 만능지렛대 더블랙 max 강화 지렛대 세트, 1개","48,000원",https://www.coupang.com/vp/products/7908254303?itemId=21693485113&vendorItemId=89059318553&q=냉장고&searchId=ef699bc2567657&sourceType=search&itemsCount=72&searchRank=198&rank=198,
"더블유드레스룸 냉장고 탈취제 그린티 본품, 120g, 2개","16,000원",https://www.coupang.com/vp/products/7337327943?itemId=18850559388&vendorItemId=85979884079&q=냉장고&searchId=ef699bc2567657&sourceType=search&itemsCount=72&searchRank=199&rank=199,
"코멧 홈 캔음료 정리 보관 트레이 1개입, 투명색","3,020원",https://www.coupang.com/vp/products/7402743131?itemId=19164017820&vendorItemId=86282475828&q=냉장고&searchId=ef699bc2567657&sourceType=search&itemsCount=72&searchRank=200&rank=200,
"더함 미니 냉동고 방문설치, 메탈실버, F146S1-FD1M","599,000원",https://www.coupang.com/vp/products/8264314055?itemId=23772867195&vendorItemId=90797126419&q=냉장고&searchId=ef699bc2567657&sourceType=search&itemsCount=72&searchRank=201&rank=201,
"타리홈스 슬라이딩 계란 보관함 30구 트레이 1+1, 2개","16,800원",https://www.coupang.com/vp/products/8943784494?itemId=26158889222&vendorItemId=93179418831&q=냉장고&searchId=ef699bc2567657&sourceType=search&itemsCount=72&searchRank=202&rank=202,
"[색상선택형] LG전자 오브제 128L 뚜껑형 1도어 메탈 김치냉장고 방문설치, 오브제컬렉션 베이지, Z132MEE123","755,000원",https://www.coupang.com/vp/products/7339809083?itemId=18862397452&vendorItemId=85991364380&q=냉장고&searchId=ef699bc2567657&sourceType=search&itemsCount=72&searchRank=203&rank=203,
카투어 K25 휴대용 캠핑 차량용 냉장고 이동식 냉동고 25리터 12V 24V 220V,"265,000원",https://www.coupang.com/vp/products/8427806808?itemId=24379661268&vendorItemId=91394770559&q=냉장고&searchId=ef699bc2567657&sourceType=search&itemsCount=72&searchRank=204&rank=204,
"헤르젠 25년형 쌀냉장고 AI CARE 플러스 21kg 고객직접설치, SSR-A21K(화이트+)","327,860원",https://www.coupang.com/vp/products/9016268473?itemId=26118952323&vendorItemId=93861328478&q=냉장고&searchId=ef699bc2567657&sourceType=search&itemsCount=72&searchRank=205&rank=205,
"FRIO 반찬냉장고 김밥 테이블냉장고 900 1200 1500, 반찬냉장고 4구 900*700*800","510,000원",https://www.coupang.com/vp/products/8549657637?itemId=24422356530&vendorItemId=91436728558&q=냉장고&searchId=ef699bc2567657&sourceType=search&itemsCount=72&searchRank=206&rank=206,
"알피쿨 TA 시리즈 다용도 더블 도어 차량용 냉장고(배터리 별도 구매), 블랙 + 브라운, 35L","279,700원",https://www.coupang.com/vp/products/8605616601?itemId=24955810924&vendorItemId=91961630935&q=냉장고&searchId=ef699bc2567657&sourceType=search&itemsCount=72&searchRank=207&rank=207,
"쿠잉전자 다목적 96L 냉동고 방문설치, 화이트, FR-102CW","249,000원",https://www.coupang.com/vp/products/6668906332?itemId=3912364605&vendorItemId=76196319712&q=냉장고&searchId=ef699bc2567657&sourceType=search&itemsCount=72&searchRank=208&rank=208,
"쿠잉전자 다목적 295L 냉동고 방문설치, 화이트, FR-302CW","399,000원",https://www.coupang.com/vp/products/4799073704?itemId=24386687422&vendorItemId=76198198517&q=냉장고&searchId=ef699bc2567657&sourceType=search&itemsCount=72&searchRank=209&rank=209,
"카투어 KP 25 차량용 냉장고, 블랙, 24L","159,050원",https://www.coupang.com/vp/products/8105969327?itemId=22946070975&vendorItemId=89980384231&q=냉장고&searchId=ef699bc2567657&sourceType=search&itemsCount=72&searchRank=210&rank=210,
"아임홈리빙 신선한 에그닷 계란 트레이 32구 보관함, 투명, 1개","9,900원",https://www.coupang.com/vp/products/9036397055?itemId=26509657447&vendorItemId=93484248959&q=냉장고&searchId=ef699bc2567657&sourceType=search&itemsCount=72&searchRank=211&rank=211,
"더함 미니 스탠드 서랍형 85L 냉동고 방문설치, 메탈 실버, F085S1-FD1M","299,000원",https://www.coupang.com/vp/products/8298172872?itemId=23935839083&vendorItemId=91800841159&q=냉장고&searchId=ef699bc2567657&sourceType=search&itemsCount=72&searchRank=212&rank=212,
"바니랜드 유러피안 고메 키친 주방놀이, 브라운, 1세트","160,000원",https://www.coupang.com/vp/products/7821265361?itemId=21245229700&vendorItemId=88305866709&q=냉장고&searchId=ef699bc2567657&sourceType=search&itemsCount=72&searchRank=213&rank=213,
"포쿨 미니 쇼케이스 냉장고 KVC-50 50L, 레드","209,000원",https://www.coupang.com/vp/products/7196507048?itemId=19344967595&vendorItemId=86458377295&q=냉장고&searchId=ef699bc2567657&sourceType=search&itemsCount=72&searchRank=214&rank=214,
"쿠잉전자 미니 냉동고 35L, 화이트, FR-S35W","210,000원",https://www.coupang.com/vp/products/8857197082?itemId=25825170120&vendorItemId=92811998083&q=냉장고&searchId=ef699bc2567657&sourceType=search&itemsCount=72&searchRank=215&rank=215,
